[{"Name":"Colorizers","ExampleInfo":{"Name":"Colorizers","DirectoryName":"Colorizers","ExampleFileNames":["Colorizers.csproj","App.xaml","App.xaml.cs","BrushColorizer.xaml","BrushColorizer.xaml.cs","DesaturationColorizerExample.xaml","DesaturationColorizerExample.xaml.cs","GdpInfo.cs","MainPage.xaml","MainPage.xaml.cs","PaletteColorizerExample.xaml","PaletteColorizerExample.xaml.cs","Readme.md","ValueBrushColorizerExampleAbsolute.xaml","ValueBrushColorizerExampleAbsolute.xaml.cs","ValueBrushColorizerExampleRelative.xaml","ValueBrushColorizerExampleRelative.xaml.cs","ValueGradientColorizerExample.xaml","ValueGradientColorizerExample.xaml.cs"]},"GitHubPath":"https://api.github.com/repos/telerik/xaml-sdk/contents/TreeMap/SL/Colorizers/","Description":"This example aims to get you familiar with all types of colorizers you may use to change the visualization of RadTreeMap/RadPivotMap controls.","KeyWords":"Colorizers,  typedefinitions, brushcolorizer, layoutstrategy, desaturationcolorizer, palettecolorizer, valuebrushcolorizer, rangebrushcollection, valuegradientcolorizer, radtreemap"},
{"Name":"Mappings","ExampleInfo":{"Name":"Mappings","DirectoryName":"Mappings","ExampleFileNames":["Mappings.csproj","App.xaml","App.xaml.cs","File.cs","FileCustomMapping.cs","Folder.cs","IDiskItem.cs","MainPage.xaml","MainPage.xaml.cs","Readme.md"]},"GitHubPath":"https://api.github.com/repos/telerik/xaml-sdk/contents/TreeMap/SL/Mappings/","Description":"This examples shows how to set the properties for the nodes of the RadTreeMap and RadPivotMap control depending on a custom business logic.","KeyWords":"Mappings,  databinding, radpivotmap, custommapping"},
{"Name":"Populating With Data Pivot Map","ExampleInfo":{"Name":"Populating With Data Pivot Map","DirectoryName":"PopulatingWithData_PivotMap","ExampleFileNames":["PopulatingWithData_PivotMap.csproj","App.xaml","App.xaml.cs","MainPage.xaml","MainPage.xaml.cs","Readme.md","TestData.cs"]},"GitHubPath":"https://api.github.com/repos/telerik/xaml-sdk/contents/TreeMap/SL/PopulatingWithData_PivotMap/","Description":"This example shows how to populate RadPivotMap with data. RadPivotMap expects data in tabular format and displays a treemap with grouped data, according to the GroupDefinition-s set.","KeyWords":"Populating With Data Pivot Map,  databinding, radpivotmap, groupdefinitions"},
{"Name":"Populating With Data Tree Map","ExampleInfo":{"Name":"Populating With Data Tree Map","DirectoryName":"PopulatingWithData_TreeMap","ExampleFileNames":["PopulatingWithData_TreeMap.csproj","App.xaml","App.xaml.cs","File.cs","Folder.cs","IDiskItem.cs","MainPage.xaml","MainPage.xaml.cs","Readme.md"]},"GitHubPath":"https://api.github.com/repos/telerik/xaml-sdk/contents/TreeMap/SL/PopulatingWithData_TreeMap/","Description":"This example shows how to populate RadTreeMap with data. RadTreeMap control expects a hierarchical collection and presents the data according to the TypeDefinitions set.","KeyWords":"Populating With Data Tree Map,  databinding, custommapping, mvvm, typedefinition, radtreemap"},
{"Name":"Selection","ExampleInfo":{"Name":"Selection","DirectoryName":"Selection","ExampleFileNames":["Selection.csproj","App.xaml","App.xaml.cs","MainPage.xaml","MainPage.xaml.cs","Readme.md","Models\\Category.cs","Models\\Product.cs","Views\\PivotMapSelection.xaml","Views\\PivotMapSelection.xaml.cs","Views\\TreeMapSelection.xaml","Views\\TreeMapSelection.xaml.cs"]},"GitHubPath":"https://api.github.com/repos/telerik/xaml-sdk/contents/TreeMap/SL/Selection/","Description":"The sample demonstrates the selection feature of the tree map.","KeyWords":"Selection,  radtreemap, radpivotmap, palettecolorizer, treemaptypedefinition, isselectionenabled, pivotmapgroupdefinition"},
{"Name":"Styles And Tempaltes Pivot Map","ExampleInfo":{"Name":"Styles And Tempaltes Pivot Map","DirectoryName":"StylesAndTempaltes_PivotMap","ExampleFileNames":["StylesAndTemplates_PivotMap.csproj","App.xaml","App.xaml.cs","GdpInfo.cs","MainPage.xaml","MainPage.xaml.cs","Readme.md"]},"GitHubPath":"https://api.github.com/repos/telerik/xaml-sdk/contents/TreeMap/SL/StylesAndTempaltes_PivotMap/","Description":"This section is intended to give you a broad understanding of the possible ways in which you can change the visual appearance of the RadPivotMap. You can use the RadPivotMap.LeafItemStyle, GroupDefinition.ItemStyle and TypeDefiniton.ItemStyle properties.","KeyWords":"Styles And Tempaltes Pivot Map,  leaftemplate, radpivotmap, groupdefinition, databinding"},
{"Name":"Styles And Templates Tree Map","ExampleInfo":{"Name":"Styles And Templates Tree Map","DirectoryName":"StylesAndTemplates_TreeMap","ExampleFileNames":["StylesAndTemplates_TreeMap.csproj","App.xaml","App.xaml.cs","File.cs","Folder.cs","IDiskItem.cs","MainPage.xaml","MainPage.xaml.cs","Readme.md"]},"GitHubPath":"https://api.github.com/repos/telerik/xaml-sdk/contents/TreeMap/SL/StylesAndTemplates_TreeMap/","Description":"This section is intended to give you a broad understanding of the possible ways in which you can change the visual appearance of the RadTreeMap. You can use the RadTreeMap.DefaultItemTemplate, TypeDefinition.ItemTemplate and TypeDefiniton.ItemStyle properties.","KeyWords":"Styles And Templates Tree Map,  typedefinitions, itemstyle, databinding, mvvm, radtreemap"}]